Week,PublishDate,DayOfWeek,PostType,Category,Title,JourneyStage,WeatherTriggered,TargetKeyword,InternalLinkTarget,Notes
1,2026-04-06,Monday,Weather-Triggered,air-conditioning,Is Your AC Ready for Chandler's First 100-Degree Day? Here's How to Tell,Awareness,Yes,AC prep Chandler AZ,https://www.viking-hvac.com/air-conditioning,Spring heat wave trigger; hub spoke for AC Repair Chandler
1,2026-04-08,Wednesday,Manual,maintenance,The Complete Spring HVAC Maintenance Checklist for Chandler Homeowners,Consideration,No,spring HVAC maintenance Chandler,https://www.viking-hvac.com/preventative-maintenance,Evergreen spring maintenance content
1,2026-04-10,Friday,Manual,swamp-cooler,Swamp Cooler Startup Guide: Getting Your Evaporative Cooler Ready for Arizona Spring,Awareness,No,swamp cooler startup Arizona,https://www.viking-hvac.com/swamp-cooler-services,Seasonal swamp cooler content
2,2026-04-13,Monday,Weather-Triggered,air-conditioning,Chandler Heat Advisory: 5 Signs Your AC Needs Professional Attention Before Summer,Awareness,Yes,AC not working Chandler,https://www.viking-hvac.com/air-conditioning,Early heat trigger content
2,2026-04-15,Wednesday,Manual,hvac-installation,How Much Does AC Replacement Cost in Chandler AZ in 2026?,Consideration,No,AC replacement cost Chandler AZ,https://www.viking-hvac.com/install,HVAC Installation hub spoke: AC replacement cost
2,2026-04-17,Friday,Manual,air-quality,Why Chandler Homes Get So Dusty and How Your HVAC Can Help,Awareness,No,dusty house Chandler AZ,https://www.viking-hvac.com/air-quality,Indoor Air Quality hub spoke: dust protection
3,2026-04-20,Monday,Weather-Triggered,maintenance,Spring Pollen Season in the East Valley: Protect Your HVAC System Now,Awareness,Yes,HVAC pollen protection Arizona,https://www.viking-hvac.com/preventative-maintenance,Spring allergen trigger
3,2026-04-22,Wednesday,Manual,air-conditioning,AC Not Cooling Your Chandler Home? 7 Things to Check Before Calling a Tech,Consideration,No,AC not cooling Chandler,https://www.viking-hvac.com/air-conditioning,AC Repair Chandler hub spoke: AC not cooling
3,2026-04-24,Friday,Manual,thermostat,Smart Thermostat Installation in Chandler: Which Brand Saves the Most on APS Bills?,Consideration,No,smart thermostat installation Chandler,https://www.viking-hvac.com/services/thermostat-installation,Energy Efficiency hub spoke: smart thermostats
4,2026-04-27,Monday,Weather-Triggered,air-conditioning,First Triple-Digit Week in Chandler: Is Your AC Up to the Challenge?,Awareness,Yes,AC ready for summer Chandler,https://www.viking-hvac.com/air-conditioning,Late April heat spike trigger
4,2026-04-29,Wednesday,Manual,repairs,The Top 5 AC Repairs Chandler Homeowners Face Every Spring,Consideration,No,AC repair Chandler AZ,https://www.viking-hvac.com/repairs-and-services,AC Repair Chandler hub content
4,2026-05-01,Friday,Manual,commercial-hvac,Restaurant HVAC in Chandler: Why Your Kitchen AC Needs Special Attention,Consideration,No,restaurant HVAC Chandler AZ,https://www.viking-hvac.com/commercial-hvac-services,Commercial HVAC hub spoke: restaurant
5,2026-05-04,Monday,Weather-Triggered,air-conditioning,Chandler Temperatures Climbing: Pre-Summer AC Tune-Up Deadlines You Can't Miss,Awareness,Yes,AC tune-up Chandler AZ,https://www.viking-hvac.com/air-conditioning,May heat buildup trigger
5,2026-05-06,Wednesday,Manual,hvac-installation,Central AC vs Ductless Mini-Split: Which Is Best for Chandler Homes?,Consideration,No,ductless mini split vs central AC Chandler,https://www.viking-hvac.com/install,HVAC Installation hub spoke: brand/type comparison
5,2026-05-08,Friday,Manual,maintenance,How Often Should You Change Your AC Filter in the Arizona Desert?,Awareness,No,AC filter change frequency Arizona,https://www.viking-hvac.com/preventative-maintenance,Indoor Air Quality hub spoke: filter guide
6,2026-05-11,Monday,Weather-Triggered,air-conditioning,May Heat Wave Alert: What to Do When Your Chandler AC Starts Blowing Warm Air,Awareness,Yes,AC blowing warm air Chandler,https://www.viking-hvac.com/air-conditioning,AC Repair Chandler hub spoke: AC blowing warm
6,2026-05-13,Wednesday,Manual,air-quality,The Best HVAC Air Filters for Arizona Dust: MERV Ratings Explained,Consideration,No,best air filter Arizona dust,https://www.viking-hvac.com/air-quality,Indoor Air Quality hub spoke: filter guide
6,2026-05-15,Friday,Manual,hvac-installation,What SEER Rating Do You Need in Chandler AZ? A Homeowner's Guide,Consideration,No,SEER rating guide Arizona,https://www.viking-hvac.com/install,Energy Efficiency hub spoke: SEER ratings
7,2026-05-18,Monday,Weather-Triggered,maintenance,Pre-Summer Deadline: Last Chance for AC Maintenance Before Chandler's Heat Surge,Awareness,Yes,AC maintenance before summer Arizona,https://www.viking-hvac.com/preventative-maintenance,Urgency-driven seasonal trigger
7,2026-05-20,Wednesday,Manual,repairs,Why Is My AC Making a Loud Noise? Common Sounds and What They Mean,Awareness,No,AC making noise Chandler,https://www.viking-hvac.com/repairs-and-services,AC Repair Chandler hub spoke: AC making noise
7,2026-05-22,Friday,Manual,ductwork,Is Your Chandler Home Losing Cool Air? Signs of Leaky Ductwork,Consideration,No,leaky ductwork Chandler AZ,https://www.viking-hvac.com/services/ductwork-services,Ductwork content; ties to energy efficiency
8,2026-05-25,Monday,Weather-Triggered,air-conditioning,Memorial Day Heat in Chandler: Emergency AC Tips for the Holiday Weekend,Awareness,Yes,emergency AC repair Chandler,https://www.viking-hvac.com/air-conditioning,Holiday weekend heat trigger
8,2026-05-27,Wednesday,Manual,air-conditioning,How Long Should Your AC Run Before Shutting Off? Chandler Homeowner Guide,Consideration,No,AC running constantly Chandler,https://www.viking-hvac.com/air-conditioning,AC Repair Chandler hub spoke: AC running constantly
8,2026-05-29,Friday,Manual,commercial-hvac,Retail Store HVAC in Chandler: Keeping Customers Cool Without Breaking the Budget,Consideration,No,commercial HVAC retail Chandler,https://www.viking-hvac.com/commercial-hvac-services,Commercial HVAC hub spoke: retail
9,2026-06-01,Monday,Weather-Triggered,air-conditioning,Extreme Heat Warning: Chandler Hits 110°F — How to Keep Your AC Running,Awareness,Yes,AC not working extreme heat Chandler,https://www.viking-hvac.com/air-conditioning,June extreme heat trigger
9,2026-06-03,Wednesday,Manual,air-conditioning,Why Your AC Can't Keep Up When Chandler Hits 115 Degrees,Awareness,No,AC can't cool house Arizona heat,https://www.viking-hvac.com/air-conditioning,Summer peak heat content
9,2026-06-05,Friday,Manual,hvac-installation,AC Sizing Guide for Chandler Homes: How Many Tons Do You Actually Need?,Consideration,No,AC sizing guide Chandler AZ,https://www.viking-hvac.com/install,HVAC Installation hub spoke: sizing guide
10,2026-06-08,Monday,Weather-Triggered,air-conditioning,Record Heat This Week in the East Valley: Protect Your AC System Now,Awareness,Yes,protect AC extreme heat Arizona,https://www.viking-hvac.com/air-conditioning,Extreme heat advisory trigger
10,2026-06-10,Wednesday,Manual,repairs,AC Leaking Water Inside Your Chandler Home? Here's What's Happening,Awareness,No,AC leaking water inside house Chandler,https://www.viking-hvac.com/repairs-and-services,AC Repair Chandler hub spoke: AC leaking
10,2026-06-12,Friday,Manual,maintenance,The Real Cost of Skipping AC Maintenance in Arizona's Extreme Heat,Decision,No,cost of skipping AC maintenance Arizona,https://www.viking-hvac.com/preventative-maintenance,Maintenance value proposition
11,2026-06-15,Monday,Weather-Triggered,air-quality,Dust Storm Season Begins: How to Protect Your Chandler HVAC System,Awareness,Yes,dust storm HVAC protection Chandler,https://www.viking-hvac.com/air-quality,Haboob season trigger; Air Quality hub spoke
11,2026-06-17,Wednesday,Manual,air-conditioning,Two-Story Home in Chandler? Why Your Upstairs Is Always Hotter and How to Fix It,Consideration,No,upstairs too hot Chandler AZ,https://www.viking-hvac.com/air-conditioning,Common homeowner pain point
11,2026-06-19,Friday,Manual,hvac-installation,Trane vs Lennox vs Carrier: Which AC Brand Is Best for Chandler AZ?,Consideration,No,best AC brand Chandler AZ,https://www.viking-hvac.com/install,HVAC Installation hub spoke: brand comparison
12,2026-06-22,Monday,Weather-Triggered,air-conditioning,Chandler Heat Emergency: What to Do When Your AC Dies at 115°F,Awareness,Yes,AC died in extreme heat Chandler,https://www.viking-hvac.com/air-conditioning,Emergency extreme heat trigger
12,2026-06-24,Wednesday,Manual,air-conditioning,Should You Set Your Chandler AC to 78 or Lower? The Energy vs Comfort Debate,Awareness,No,best thermostat setting summer Arizona,https://www.viking-hvac.com/air-conditioning,Energy Efficiency hub related content
12,2026-06-26,Friday,Manual,repairs,Frozen AC in 115-Degree Heat? Why It Happens and How to Fix It in Chandler,Consideration,No,AC frozen in summer Chandler AZ,https://www.viking-hvac.com/repairs-and-services,Counter-intuitive problem; good engagement topic
13,2026-06-29,Monday,Weather-Triggered,air-conditioning,Monsoon Season Approaching Chandler: Prepare Your AC for Humidity Spikes,Awareness,Yes,monsoon AC prep Chandler AZ,https://www.viking-hvac.com/air-conditioning,Pre-monsoon trigger
13,2026-07-01,Wednesday,Manual,maintenance,Summer AC Maintenance Checklist: Mid-Season Tune-Up for Chandler Homes,Awareness,No,summer AC maintenance checklist Arizona,https://www.viking-hvac.com/preventative-maintenance,Mid-summer maintenance reminder
13,2026-07-03,Friday,Manual,general,How to Lower Your APS Electric Bill This Summer Without Sacrificing Comfort,Awareness,No,lower electric bill summer Arizona,https://www.viking-hvac.com/air-conditioning,Energy Efficiency hub; high search volume topic
14,2026-07-06,Monday,Weather-Triggered,air-quality,Monsoon Dust Storm Alert: Emergency Steps to Protect Your Indoor Air Quality,Awareness,Yes,dust storm air quality Chandler,https://www.viking-hvac.com/air-quality,Monsoon haboob trigger; Air Quality hub
14,2026-07-08,Wednesday,Manual,air-conditioning,Why Your AC Short-Cycles in Arizona Heat and What It Costs You,Awareness,No,AC short cycling Chandler AZ,https://www.viking-hvac.com/air-conditioning,Common summer AC problem
14,2026-07-10,Friday,Manual,commercial-hvac,Healthcare Facility HVAC in Chandler: Compliance and Air Quality Requirements,Consideration,No,healthcare HVAC Chandler AZ,https://www.viking-hvac.com/commercial-hvac-services,Commercial HVAC hub spoke: healthcare
15,2026-07-13,Monday,Weather-Triggered,air-conditioning,Monsoon Week in Chandler: How Humidity Destroys Your AC Efficiency,Awareness,Yes,AC humidity problems monsoon Arizona,https://www.viking-hvac.com/air-conditioning,Active monsoon trigger
15,2026-07-15,Wednesday,Manual,repairs,AC Compressor Failure in Chandler: Repair Costs vs Full Replacement,Consideration,No,AC compressor repair cost Chandler,https://www.viking-hvac.com/repair-or-replace-hvac-guide,Repair vs replace consideration content
15,2026-07-17,Friday,Manual,air-quality,UV Air Purifiers for Arizona Homes: Do They Actually Work?,Consideration,No,UV air purifier Arizona home,https://www.viking-hvac.com/air-quality,Indoor Air Quality hub spoke: UV purification
16,2026-07-20,Monday,Weather-Triggered,maintenance,Post-Storm HVAC Checklist: What to Inspect After Chandler Monsoon Damage,Awareness,Yes,HVAC after monsoon storm Chandler,https://www.viking-hvac.com/preventative-maintenance,Post-storm trigger
16,2026-07-22,Wednesday,Manual,air-conditioning,Portable AC vs Window Unit vs Central Air: What Works Best in Chandler?,Consideration,No,portable AC vs central air Arizona,https://www.viking-hvac.com/air-conditioning,Comparison content for awareness stage
16,2026-07-24,Friday,Manual,hvac-installation,HVAC Financing Options in Chandler: How to Afford a New AC System,Decision,No,HVAC financing Chandler AZ,https://www.viking-hvac.com/financing,HVAC Installation hub spoke: financing options
17,2026-07-27,Monday,Weather-Triggered,air-conditioning,Another 115°F Week in Chandler: Signs Your AC Is About to Fail,Awareness,Yes,AC failure signs extreme heat Arizona,https://www.viking-hvac.com/air-conditioning,Peak heat trigger
17,2026-07-29,Wednesday,Manual,ductwork,Duct Cleaning in Chandler: When It's Worth It and When It's a Scam,Consideration,No,duct cleaning worth it Chandler AZ,https://www.viking-hvac.com/services/ductwork-services,Indoor Air Quality hub spoke: duct cleaning
17,2026-07-31,Friday,Manual,air-conditioning,How to Cool a Garage in Chandler AZ: HVAC Solutions That Actually Work,Consideration,No,cool garage Arizona HVAC,https://www.viking-hvac.com/air-conditioning,Unique local topic; high summer interest
18,2026-08-03,Monday,Weather-Triggered,air-quality,Chandler Air Quality Alert: Monsoon Dust and Your HVAC System,Awareness,Yes,air quality alert Chandler HVAC,https://www.viking-hvac.com/air-quality,August monsoon dust trigger
18,2026-08-05,Wednesday,Manual,air-conditioning,The Best Time to Buy a New AC in Chandler (Hint: Not When Yours Dies),Consideration,No,best time to buy AC Arizona,https://www.viking-hvac.com/install,Strategic purchase timing content
18,2026-08-07,Friday,Manual,maintenance,Why Your AC Drain Line Clogs Every Monsoon Season in Chandler,Awareness,No,AC drain line clog Chandler AZ,https://www.viking-hvac.com/preventative-maintenance,Monsoon-specific maintenance issue
19,2026-08-10,Monday,Weather-Triggered,air-conditioning,Excessive Heat Warning Continues: Emergency AC Service in Chandler,Awareness,Yes,emergency AC service Chandler AZ,https://www.viking-hvac.com/air-conditioning,Extended heat wave trigger
19,2026-08-12,Wednesday,Manual,repairs,Capacitor vs Contactor: Understanding Common AC Part Failures in Arizona,Consideration,No,AC capacitor failure Arizona,https://www.viking-hvac.com/repairs-and-services,Educational repair content
19,2026-08-14,Friday,Manual,commercial-hvac,Manufacturing Facility HVAC in the East Valley: Cooling Large Spaces Efficiently,Consideration,No,manufacturing HVAC East Valley AZ,https://www.viking-hvac.com/commercial-hvac-services,Commercial HVAC hub spoke: manufacturing
20,2026-08-17,Monday,Weather-Triggered,air-conditioning,Late August Heat in Chandler: Your AC Has Been Working Hard — Is It Showing Wear?,Awareness,Yes,AC wear end of summer Arizona,https://www.viking-hvac.com/air-conditioning,End-of-summer strain trigger
20,2026-08-19,Wednesday,Manual,air-conditioning,How Arizona's Hard Water Destroys Your AC System (and How to Prevent It),Decision,No,hard water AC damage Arizona,https://www.viking-hvac.com/air-conditioning,Arizona-specific maintenance topic
20,2026-08-21,Friday,Manual,hvac-installation,Should You Replace Your AC Before It Dies? A Chandler Homeowner's Guide,Consideration,No,replace AC before it breaks Chandler,https://www.viking-hvac.com/repair-or-replace-hvac-guide,Proactive replacement consideration
21,2026-08-24,Monday,Weather-Triggered,maintenance,End-of-Summer AC Assessment: Has Monsoon Season Damaged Your System?,Awareness,Yes,post-monsoon AC inspection Chandler,https://www.viking-hvac.com/preventative-maintenance,Late monsoon assessment trigger
21,2026-08-26,Wednesday,Manual,air-conditioning,Why Your Electric Bill Spiked This Summer in Chandler (It Might Be Your AC),Consideration,No,high electric bill summer Chandler AZ,https://www.viking-hvac.com/air-conditioning,Bill shock content; high engagement
21,2026-08-28,Friday,Manual,air-quality,Mold in Your Chandler AC System: Monsoon Moisture Warning Signs,Awareness,No,mold in AC system Arizona monsoon,https://www.viking-hvac.com/air-quality,Post-monsoon air quality concern
22,2026-08-31,Monday,Weather-Triggered,air-conditioning,Labor Day Weekend Heat in Chandler: Keep Your AC Running Through the Holiday,Awareness,Yes,AC tips Labor Day weekend Arizona,https://www.viking-hvac.com/air-conditioning,Holiday weekend heat trigger
22,2026-09-02,Wednesday,Manual,repairs,How to Tell if Your AC Thermostat Is Bad or Your AC Unit Has a Problem,Awareness,No,bad thermostat vs broken AC Chandler,https://www.viking-hvac.com/repairs-and-services,Heating Repair hub spoke: thermostat problems
22,2026-09-04,Friday,Manual,hvac-installation,What to Expect During an AC Installation in Chandler: A Step-by-Step Guide,Decision,No,AC installation process Chandler AZ,https://www.viking-hvac.com/install,Decision stage installation content
23,2026-09-07,Monday,Weather-Triggered,air-conditioning,September Still Sizzles in Chandler: Don't Let Your Guard Down on AC Care,Awareness,Yes,September heat Chandler AC,https://www.viking-hvac.com/air-conditioning,Lingering heat trigger
23,2026-09-09,Wednesday,Manual,maintenance,Post-Monsoon HVAC Recovery: Essential Steps for Chandler Homeowners,Consideration,No,post-monsoon HVAC maintenance Chandler,https://www.viking-hvac.com/preventative-maintenance,Seasonal transition maintenance
23,2026-09-11,Friday,Manual,air-conditioning,Should You Repair or Replace Your AC After a Brutal Chandler Summer?,Consideration,No,repair or replace AC Chandler AZ,https://www.viking-hvac.com/repair-or-replace-hvac-guide,End-of-summer replacement consideration
24,2026-09-14,Monday,Weather-Triggered,maintenance,Fall Maintenance Window Opens in Chandler: Schedule Your HVAC Tune-Up Now,Awareness,Yes,fall HVAC tune-up Chandler AZ,https://www.viking-hvac.com/preventative-maintenance,Fall maintenance window trigger
24,2026-09-16,Wednesday,Manual,heating,When Should Chandler Homeowners Start Thinking About Heating? Earlier Than You Think,Awareness,No,heating season start Chandler AZ,https://www.viking-hvac.com/heating-services,Early heating awareness content
24,2026-09-18,Friday,Manual,commercial-hvac,Office Building HVAC Maintenance in Chandler: A Property Manager's Seasonal Guide,Decision,No,office HVAC maintenance Chandler AZ,https://www.viking-hvac.com/commercial-hvac-services,Commercial HVAC seasonal content
25,2026-09-21,Monday,Weather-Triggered,air-conditioning,Chandler Cooling Off: Why Fall Is the Perfect Time for AC Repairs,Awareness,Yes,fall AC repair Chandler AZ,https://www.viking-hvac.com/air-conditioning,Cooling trend trigger
25,2026-09-23,Wednesday,Manual,ductwork,Fall Ductwork Inspection in Chandler: Seal Leaks Before Heating Season,Consideration,No,ductwork inspection Chandler AZ,https://www.viking-hvac.com/services/ductwork-services,Pre-heating ductwork content
25,2026-09-25,Friday,Manual,maintenance,The Complete Fall HVAC Maintenance Checklist for Chandler Homeowners,Awareness,No,fall HVAC maintenance checklist Chandler,https://www.viking-hvac.com/preventative-maintenance,Seasonal maintenance checklist
26,2026-09-28,Monday,Weather-Triggered,heating,First Cool Front Approaching Chandler: Is Your Heating System Ready?,Awareness,Yes,heating system ready Chandler AZ,https://www.viking-hvac.com/heating-services,First cool weather trigger
26,2026-09-30,Wednesday,Manual,hvac-installation,Fall AC Deals in Chandler: Why Off-Season Installation Saves You Thousands,Decision,No,AC installation deals fall Chandler,https://www.viking-hvac.com/install,Off-season installation promotion
26,2026-10-02,Friday,Manual,air-quality,Fall Allergies in Chandler? How Your HVAC System Can Provide Relief,Awareness,No,fall allergies HVAC Chandler AZ,https://www.viking-hvac.com/air-quality,Seasonal air quality content
27,2026-10-05,Monday,Weather-Triggered,heating,Overnight Lows Dropping in Chandler: Time to Test Your Furnace,Awareness,Yes,test furnace before winter Chandler,https://www.viking-hvac.com/heating-services,October cooling trigger
27,2026-10-07,Wednesday,Manual,heating,Heat Pump vs Gas Furnace in Chandler AZ: Which Makes More Financial Sense?,Consideration,No,heat pump vs furnace Chandler AZ,https://www.viking-hvac.com/heating-services,Heating Repair hub spoke: heat pump issues
27,2026-10-09,Friday,Manual,repairs,Furnace Won't Start? Troubleshooting Guide for Chandler Homeowners,Decision,No,furnace won't start Chandler AZ,https://www.viking-hvac.com/repairs-and-services,Heating Repair hub spoke: furnace not starting
28,2026-10-12,Monday,Weather-Triggered,maintenance,Chandler Weather Shifting: Dual-Season HVAC Tune-Up Essentials,Awareness,Yes,fall HVAC tune-up East Valley,https://www.viking-hvac.com/preventative-maintenance,Season transition trigger
28,2026-10-14,Wednesday,Manual,air-conditioning,End-of-Season AC Guide: How to Properly Shut Down Your Chandler AC for Winter,Awareness,No,winterize AC Chandler AZ,https://www.viking-hvac.com/air-conditioning,Off-season AC care
28,2026-10-16,Friday,Manual,swamp-cooler,Winterizing Your Swamp Cooler in Chandler: Step-by-Step Shutdown Guide,Awareness,No,winterize swamp cooler Arizona,https://www.viking-hvac.com/swamp-cooler-services,Seasonal swamp cooler shutdown
29,2026-10-19,Monday,Weather-Triggered,heating,Cold Snap Coming to Chandler This Week: Heating System Readiness Check,Awareness,Yes,cold snap Chandler heating check,https://www.viking-hvac.com/heating-services,Early cold snap trigger
29,2026-10-21,Wednesday,Manual,thermostat,Programmable vs Smart Thermostat: What's the Difference for Chandler Homes?,Consideration,No,programmable vs smart thermostat Arizona,https://www.viking-hvac.com/services/thermostat-installation,Energy Efficiency hub spoke: smart thermostats
29,2026-10-23,Friday,Manual,hvac-installation,HVAC System Lifespan in Arizona: How Long Should Your Unit Really Last?,Consideration,No,HVAC lifespan Arizona desert,https://www.viking-hvac.com/install,Replacement timing awareness
30,2026-10-26,Monday,Weather-Triggered,heating,First Frost Warning Near Chandler: Don't Get Caught Without Heat,Awareness,Yes,first frost Chandler heating,https://www.viking-hvac.com/heating-services,Late October frost trigger
30,2026-10-28,Wednesday,Manual,commercial-hvac,Commercial HVAC Preventative Maintenance Contracts in Chandler: What to Look For,Consideration,No,commercial HVAC maintenance contract Chandler,https://www.viking-hvac.com/commercial-hvac-services,Commercial HVAC service offering
30,2026-10-30,Friday,Manual,air-quality,Halloween Indoor Air Quality: Why Your Chandler Home Gets Stuffy in Fall,Awareness,No,indoor air quality fall Arizona,https://www.viking-hvac.com/air-quality,Seasonal tie-in content
31,2026-11-02,Monday,Weather-Triggered,heating,November Cold Front in Chandler: Heating Season Officially Begins,Awareness,Yes,heating season start Chandler November,https://www.viking-hvac.com/heating-services,Heating season kickoff trigger
31,2026-11-04,Wednesday,Manual,heating,Why Is My Heater Blowing Cold Air? Top Causes for Chandler Homes,Decision,No,heater blowing cold air Chandler AZ,https://www.viking-hvac.com/heating-services,Heating Repair hub spoke: cold air from heater
31,2026-11-06,Friday,Manual,maintenance,Furnace Safety Inspection in Chandler: Carbon Monoxide Risks You Need to Know,Decision,No,furnace safety inspection Chandler AZ,https://www.viking-hvac.com/preventative-maintenance,Safety-focused maintenance content
32,2026-11-09,Monday,Weather-Triggered,heating,Chandler Temps Drop Below 50°F: Emergency Heating Tips for Unprepared Homes,Awareness,Yes,emergency heating Chandler AZ,https://www.viking-hvac.com/heating-services,Cold snap trigger
32,2026-11-11,Wednesday,Manual,air-conditioning,Off-Season AC Replacement: Why November Is the Smartest Time to Buy in Chandler,Decision,No,off-season AC replacement Chandler,https://www.viking-hvac.com/install,Counter-seasonal purchase content
32,2026-11-13,Friday,Manual,repairs,Strange Smells from Your Chandler Furnace? What Each Odor Means,Decision,No,furnace smells Chandler AZ,https://www.viking-hvac.com/repairs-and-services,Diagnostic awareness content
33,2026-11-16,Monday,Weather-Triggered,heating,Winter Weather Advisory for the East Valley: Keep Your Home Warm and Safe,Awareness,Yes,winter weather Chandler heating tips,https://www.viking-hvac.com/heating-services,Mid-November cold trigger
33,2026-11-18,Wednesday,Manual,maintenance,How to Prepare Your Chandler Home's HVAC for Holiday Guests,Decision,No,HVAC prep holiday guests Arizona,https://www.viking-hvac.com/preventative-maintenance,Thanksgiving prep content
33,2026-11-20,Friday,Manual,hvac-installation,HVAC Rebates and Tax Credits Available to Chandler Homeowners in 2026,Consideration,No,HVAC rebates tax credits Arizona 2026,https://www.viking-hvac.com/financing,Energy Efficiency hub spoke: utility rebates
34,2026-11-23,Monday,Weather-Triggered,heating,Thanksgiving Week Cold in Chandler: Make Sure Your Heating Can Handle a Full House,Awareness,Yes,Thanksgiving heating Chandler AZ,https://www.viking-hvac.com/heating-services,Holiday cold trigger
34,2026-11-25,Wednesday,Manual,air-quality,Holiday Cooking and Indoor Air Quality: Ventilation Tips for Chandler Homes,Awareness,No,indoor air quality holiday cooking,https://www.viking-hvac.com/air-quality,Holiday-themed air quality content
34,2026-11-27,Friday,Manual,general,Black Friday HVAC Deals in Chandler: What's Actually Worth Buying,Decision,No,Black Friday HVAC deals Arizona,https://www.viking-hvac.com/contact-us,Seasonal promotion content
35,2026-11-30,Monday,Weather-Triggered,heating,December Cold Arriving Early in Chandler: Heating System Stress Test,Awareness,Yes,December cold Chandler heating,https://www.viking-hvac.com/heating-services,Early December cold trigger
35,2026-12-02,Wednesday,Manual,heating,Gas Furnace Maintenance for Chandler Homes: What Every Homeowner Should Know,Consideration,No,gas furnace maintenance Chandler AZ,https://www.viking-hvac.com/heating-services,Heating maintenance education
35,2026-12-04,Friday,Manual,air-conditioning,Storing Your Window AC Unit for Winter in Chandler: Do's and Don'ts,Awareness,No,store window AC unit winter Arizona,https://www.viking-hvac.com/air-conditioning,Winter AC storage tips
36,2026-12-07,Monday,Weather-Triggered,heating,Chandler Cold Snap: Nighttime Temps Dipping into the 30s This Week,Awareness,Yes,cold snap Chandler 30s heating,https://www.viking-hvac.com/heating-services,December cold snap trigger
36,2026-12-09,Wednesday,Manual,maintenance,Holiday Energy Savings: How to Cut Your Chandler Heating Bill Without Being Cold,Awareness,No,holiday energy savings heating Chandler,https://www.viking-hvac.com/preventative-maintenance,Energy Efficiency hub; holiday tie-in
36,2026-12-11,Friday,Manual,repairs,Emergency Furnace Repair in Chandler: What to Do When Heat Fails at Night,Decision,No,emergency furnace repair Chandler AZ,https://www.viking-hvac.com/repairs-and-services,Emergency repair awareness
37,2026-12-14,Monday,Weather-Triggered,heating,Winter Storm Watch for the East Valley: Protect Your Pipes and Heating System,Awareness,Yes,winter storm HVAC protection Chandler,https://www.viking-hvac.com/heating-services,Winter storm trigger
37,2026-12-16,Wednesday,Manual,hvac-installation,New Year New HVAC: Planning Your 2027 System Upgrade in Chandler,Consideration,No,new HVAC system 2027 Chandler AZ,https://www.viking-hvac.com/install,Year-end planning content
37,2026-12-18,Friday,Manual,commercial-hvac,Holiday Season Commercial HVAC in Chandler: Managing Increased Foot Traffic,Awareness,No,holiday commercial HVAC Chandler,https://www.viking-hvac.com/commercial-hvac-services,Seasonal commercial content
38,2026-12-21,Monday,Weather-Triggered,heating,Christmas Week Cold in Chandler: Keep Your Family Warm This Holiday,Awareness,Yes,Christmas heating Chandler AZ,https://www.viking-hvac.com/heating-services,Christmas cold trigger
38,2026-12-23,Wednesday,Manual,thermostat,Thermostat Settings While Traveling: A Chandler Homeowner's Holiday Guide,Awareness,No,thermostat settings vacation Arizona,https://www.viking-hvac.com/services/thermostat-installation,Holiday travel thermostat tips
38,2026-12-25,Friday,Manual,maintenance,Year-End HVAC Review: Did Your Chandler System Pass the 2026 Stress Test?,Awareness,No,HVAC year end review Arizona,https://www.viking-hvac.com/preventative-maintenance,Year-end review content
39,2026-12-28,Monday,Weather-Triggered,heating,New Year's Cold Front in Chandler: Start 2027 with a Warm and Efficient Home,Awareness,Yes,New Year heating tips Chandler,https://www.viking-hvac.com/heating-services,Year-end cold trigger
39,2026-12-30,Wednesday,Manual,air-quality,New Year's Resolution: Better Indoor Air Quality for Your Chandler Home in 2027,Awareness,No,improve indoor air quality Chandler 2027,https://www.viking-hvac.com/air-quality,New Year content tie-in
39,2027-01-01,Friday,Manual,hvac-installation,2027 HVAC Buying Guide for Chandler Homeowners: What's New This Year,Consideration,No,HVAC buying guide 2027 Arizona,https://www.viking-hvac.com/install,New year HVAC guide
40,2027-01-04,Monday,Weather-Triggered,heating,January Cold Spell in Chandler: Keeping Your Heating Costs Under Control,Awareness,Yes,January heating costs Chandler AZ,https://www.viking-hvac.com/heating-services,January cold trigger
40,2027-01-06,Wednesday,Manual,repairs,Pilot Light Keeps Going Out on Your Chandler Furnace? Here's Why,Decision,No,pilot light goes out furnace Chandler,https://www.viking-hvac.com/repairs-and-services,Heating Repair hub spoke content
40,2027-01-08,Friday,Manual,heating,Electric vs Gas Heating in Chandler AZ: Which Is Cheaper This Winter?,Consideration,No,electric vs gas heating cost Chandler AZ,https://www.viking-hvac.com/heating-services,Cost comparison heating content
41,2027-01-11,Monday,Weather-Triggered,heating,Freezing Temperatures Hit Chandler Overnight: Pipe and HVAC Protection Guide,Awareness,Yes,freezing temperatures Chandler HVAC,https://www.viking-hvac.com/heating-services,Freeze warning trigger
41,2027-01-13,Wednesday,Manual,maintenance,Winter HVAC Maintenance Checklist for Chandler Homes,Decision,No,winter HVAC maintenance checklist Chandler,https://www.viking-hvac.com/preventative-maintenance,Winter maintenance checklist
41,2027-01-15,Friday,Manual,ductwork,Insulating Your Ductwork in a Chandler Attic: Why It Matters More Than You Think,Consideration,No,ductwork insulation attic Arizona,https://www.viking-hvac.com/services/ductwork-services,Energy Efficiency hub spoke: insulation
42,2027-01-18,Monday,Weather-Triggered,heating,Chandler Winter Storm: Your Complete Heating Emergency Preparedness Guide,Awareness,Yes,winter storm heating emergency Chandler,https://www.viking-hvac.com/heating-services,Winter storm trigger
42,2027-01-20,Wednesday,Manual,air-conditioning,Planning Ahead: Why Winter Is the Best Time to Schedule AC Installation in Chandler,Decision,No,winter AC installation Chandler AZ,https://www.viking-hvac.com/install,Off-season installation planning
42,2027-01-22,Friday,Manual,commercial-hvac,Commercial Heating Solutions for Chandler Warehouses and Large Spaces,Consideration,No,commercial heating warehouse Chandler,https://www.viking-hvac.com/commercial-hvac-services,Commercial heating content
43,2027-01-25,Monday,Weather-Triggered,heating,Late January Cold in Chandler: How Much Longer Until You Need AC Again?,Awareness,Yes,January heating Chandler when AC season,https://www.viking-hvac.com/heating-services,Late January cold trigger
43,2027-01-27,Wednesday,Manual,air-quality,Dry Winter Air in Chandler: How Humidifiers Work with Your HVAC System,Consideration,No,dry air humidifier HVAC Chandler,https://www.viking-hvac.com/air-quality,Winter air quality content
43,2027-01-29,Friday,Manual,repairs,Heat Pump Not Heating in Chandler? Common Winter Problems and Fixes,Consideration,No,heat pump not heating Chandler AZ,https://www.viking-hvac.com/repairs-and-services,Heating Repair hub spoke: heat pump issues
44,2027-02-01,Monday,Weather-Triggered,heating,February Cold Front in Chandler: Winter Isn't Over Yet for Your Heating System,Awareness,Yes,February cold front Chandler heating,https://www.viking-hvac.com/heating-services,February cold trigger
44,2027-02-03,Wednesday,Manual,hvac-installation,Ductless Mini-Split Installation in Chandler: Cost Breakdown and Best Uses,Consideration,No,ductless mini-split cost Chandler AZ,https://www.viking-hvac.com/install,Installation type comparison
44,2027-02-05,Friday,Manual,maintenance,How to Read Your HVAC Warranty: What's Covered for Chandler Homeowners,Decision,No,HVAC warranty coverage Arizona,https://www.viking-hvac.com/preventative-maintenance,Warranty education content
45,2027-02-08,Monday,Weather-Triggered,heating,President's Day Weekend Cold in Chandler: Heating Comfort for the Long Weekend,Awareness,Yes,Presidents Day heating Chandler AZ,https://www.viking-hvac.com/heating-services,Holiday weekend trigger
45,2027-02-10,Wednesday,Manual,air-conditioning,Early AC Planning: Chandler Homeowners Should Book Spring Tune-Ups Now,Decision,No,book AC tune-up early Chandler AZ,https://www.viking-hvac.com/air-conditioning,Early booking promotion
45,2027-02-12,Friday,Manual,air-quality,The Connection Between Chandler's Desert Air and Your Respiratory Health,Awareness,No,desert air respiratory health HVAC Chandler,https://www.viking-hvac.com/air-quality,Health-focused air quality content
46,2027-02-15,Monday,Weather-Triggered,heating,Last Cold Stretch in Chandler: Final Weeks of Heating Season,Awareness,Yes,last cold stretch Chandler heating season,https://www.viking-hvac.com/heating-services,Late winter trigger
46,2027-02-17,Wednesday,Manual,repairs,Top 10 HVAC Repair Scams in Arizona and How to Avoid Them,Decision,No,HVAC repair scams Arizona,https://www.viking-hvac.com/repairs-and-services,Trust-building content
46,2027-02-19,Friday,Manual,hvac-installation,What Size AC Unit Does a 2000 Sq Ft Home Need in Chandler AZ?,Consideration,No,AC size 2000 sq ft Chandler AZ,https://www.viking-hvac.com/install,HVAC Installation hub spoke: sizing guide
47,2027-02-22,Monday,Weather-Triggered,maintenance,Winter-to-Spring Transition in Chandler: Dual-Mode HVAC Tips,Awareness,Yes,winter spring HVAC transition Chandler,https://www.viking-hvac.com/preventative-maintenance,Season transition trigger
47,2027-02-24,Wednesday,Manual,air-conditioning,Understanding R-410A vs R-32 Refrigerant: What Chandler Homeowners Need to Know,Awareness,No,R-410A vs R-32 refrigerant Arizona,https://www.viking-hvac.com/air-conditioning,Industry update awareness content
47,2027-02-26,Friday,Manual,commercial-hvac,Multi-Tenant HVAC Solutions in Chandler: Keeping Every Suite Comfortable,Consideration,No,multi-tenant HVAC Chandler commercial,https://www.viking-hvac.com/commercial-hvac-services,Commercial HVAC spoke content
48,2027-03-01,Monday,Weather-Triggered,air-conditioning,Spring HVAC Transition Week in Chandler: Switching from Heat to Cool Mode,Awareness,Yes,spring HVAC transition Chandler AZ,https://www.viking-hvac.com/air-conditioning,March transition trigger
48,2027-03-03,Wednesday,Manual,maintenance,Spring HVAC Tune-Up in Chandler: Why March Is the Month to Schedule,Awareness,No,spring HVAC tune-up March Chandler,https://www.viking-hvac.com/preventative-maintenance,Spring maintenance push
48,2027-03-05,Friday,Manual,swamp-cooler,Swamp Cooler vs Central AC in Chandler: 2027 Cost and Efficiency Comparison,Consideration,No,swamp cooler vs central AC Arizona 2027,https://www.viking-hvac.com/swamp-cooler-services,Swamp cooler comparison content
49,2027-03-08,Monday,Weather-Triggered,air-conditioning,Chandler Warming Up: First 90-Degree Days Signal It's Time for AC Prep,Awareness,Yes,first 90 degree day Chandler AC prep,https://www.viking-hvac.com/air-conditioning,Early March heat trigger
49,2027-03-10,Wednesday,Manual,air-conditioning,AC Tune-Up Checklist: What Your Chandler HVAC Tech Should Inspect This Spring,Awareness,No,AC tune-up checklist Chandler AZ,https://www.viking-hvac.com/air-conditioning,Spring AC prep content
49,2027-03-12,Friday,Manual,hvac-installation,How to Choose an HVAC Contractor in Chandler AZ: Red Flags and Green Flags,Decision,No,how to choose HVAC contractor Chandler,https://www.viking-hvac.com/contact-us,Decision stage contractor selection
50,2027-03-15,Monday,Weather-Triggered,maintenance,Spring Maintenance Rush in Chandler: Book Now Before the Summer Crunch,Awareness,Yes,spring HVAC maintenance booking Chandler,https://www.viking-hvac.com/preventative-maintenance,Booking urgency trigger
50,2027-03-17,Wednesday,Manual,repairs,Common AC Problems After Winter Shutdown in Chandler: What to Watch For,Awareness,No,AC problems after winter Arizona,https://www.viking-hvac.com/repairs-and-services,Post-winter AC issues
50,2027-03-19,Friday,Manual,air-quality,Spring Dust in Chandler: Whole-Home Air Purification Solutions for Allergy Season,Consideration,No,whole-home air purifier Chandler AZ,https://www.viking-hvac.com/air-quality,Spring air quality content
51,2027-03-22,Monday,Weather-Triggered,air-conditioning,Chandler Approaching Triple Digits: Last Call for Pre-Summer AC Service,Awareness,Yes,pre-summer AC service Chandler AZ,https://www.viking-hvac.com/air-conditioning,Late March heat trigger
51,2027-03-24,Wednesday,Manual,hvac-installation,Viking HVAC vs the Competition: Why Chandler Homeowners Choose Us for Installations,Decision,No,best HVAC company Chandler AZ,https://www.viking-hvac.com/install,Decision stage brand differentiation
51,2027-03-26,Friday,Manual,maintenance,Your Annual HVAC Calendar: Month-by-Month Maintenance Guide for Chandler AZ,Awareness,No,annual HVAC maintenance calendar Arizona,https://www.viking-hvac.com/preventative-maintenance,Evergreen annual guide
52,2027-03-29,Monday,Weather-Triggered,air-conditioning,Spring Heat Building in Chandler: Your AC Readiness Final Countdown,Awareness,Yes,spring heat Chandler AC ready,https://www.viking-hvac.com/air-conditioning,End-of-calendar heat trigger
52,2027-03-31,Wednesday,Manual,air-conditioning,10 Ways to Help Your Chandler AC Survive Another Arizona Summer,Awareness,No,help AC survive Arizona summer,https://www.viking-hvac.com/air-conditioning,Year-end evergreen AC content
52,2027-04-02,Friday,Manual,general,The Ultimate Chandler Homeowner's Guide to HVAC: Everything You Need to Know,Awareness,No,HVAC guide Chandler homeowners,https://www.viking-hvac.com/contact-us,Comprehensive evergreen wrap-up post
